Voltage,Current,power,energy,time_consumed
222.97891352144387,0.4942878476930121,110.21576724544076,793553.5241671734,8999.999999999998
232.64767198257843,0.35381289253593184,82.31374576590675,592658.9695145285,9000.0
230.5215826799671,0.3762753183315964,86.73958190520804,624524.9897174978,8999.999999999998
221.98539970797952,0.3917956769446355,86.97291995041333,626205.023642976,9000.0
230.96992758729556,0.3517577089926141,81.24545257429706,584967.2585349388,9000.0
220.4365017053836,0.47018694134153327,103.646364496882,746253.8243775504,9000.0
230.29550223538274,0.46101001106757966,106.16853203434762,764413.4306473029,9000.0
222.46106100903526,0.39492117198893806,87.85458293559086,632552.9971362542,9000.0
235.12316035071996,0.48759298455568595,114.64440349357267,825439.7051537232,9000.0
232.652164529967,0.3618955106392305,84.19577388389467,606209.5719640417,9000.000000000002
229.52326279260163,0.4793635837345869,110.02509380271688,792180.6753795615,9000.0
221.35306732844654,0.3932897491740922,87.05589232852068,626802.4247653489,9000.0
223.04781130611457,0.4468350925306698,99.66558940373108,717592.2437068637,8999.999999999998
233.8407668336609,0.3533554035775336,82.62889853738818,594928.0694691949,9000.0
223.42382451853186,0.401578528327182,89.72221064338258,645999.9166323546,9000.0
235.10236404212395,0.4248274777935207,99.87794433930964,719121.1992430293,9000.0
233.35199722982296,0.41264990815271135,96.2926802241382,693307.297613795,9000.0
236.2707980818719,0.38496044725868844,90.95491210376467,654875.3671471056,9000.0
233.04357634335943,0.3941163907027676,91.8462931849097,661293.3109313499,9000.0
229.95926941218187,0.38962204717830945,89.5972013160027,645099.8494752194,9000.0
231.21047292859882,0.4964946776005042,114.79476921454477,826522.3383447224,9000.0
233.28377261069727,0.3983124619189044,92.91983379429671,669022.8033189363,8999.999999999998
232.15434517423344,0.42040097380639035,97.59791278463261,702704.9720493548,8999.999999999998
230.35121025843898,0.4404516617252518,101.45857333875232,730501.7280390167,9000.0
236.75755924092613,0.38866231658962624,92.01874144468403,662534.938401725,9000.000000000002
220.89605809424842,0.4999379818980916,110.43432949288216,795127.1723487516,9000.0
224.1856309893026,0.41000783307651384,91.91786476881491,661808.6263354673,8999.999999999998
239.17501570239082,0.42894050437847203,102.59185187011249,738661.3334648099,9000.0
230.41092693478424,0.37070026280636176,85.41339116818193,614976.4164109098,8999.999999999998
223.03044728180205,0.37946943933031163,84.63323878361405,609359.3192420212,9000.0
237.653202163456,0.3618915841799117,86.00469381636191,619233.7954778058,9000.0
222.22172974087792,0.373301488767448,82.95570254874721,597281.0583509799,9000.0
238.73826364104568,0.4804998183191894,114.71369230536119,825938.5845986006,9000.0
238.2212018829911,0.41041863432465076,97.77042034399413,703947.0264767577,9000.0
228.7284153605857,0.36698648897332525,83.94023808161374,604369.7141876189,8999.999999999998
236.3793710500958,0.35854777800579646,84.75329825641954,610223.7474462207,9000.0
236.56095297535708,0.4774888523499605,112.95521794701624,813277.5692185169,9000.0
232.18559896925098,0.4263424360971704,98.99057389123111,712732.132016864,9000.0
224.0440405347908,0.36617844865725363,82.04009919393255,590688.7141963143,8999.999999999998
233.79996470050682,0.44432087610261983,103.88220514849078,747951.8770691337,9000.0
222.04420851388966,0.39691504822836754,88.13268773112021,634555.3516640655,9000.0
234.4659565122655,0.44839074824918695,105.13236567949606,756953.0328923716,9000.0
228.90785998939677,0.4502437881696596,103.06434202343605,742063.2625687396,9000.0
223.62126413944077,0.477088222740057,106.68707147517064,768146.9146212286,9000.0
232.4445922602624,0.4775011652087211,110.99256365074137,799146.4582853379,9000.0
220.78633206068548,0.4147565860164275,91.57258532457922,659322.6143369704,9000.0
230.91086013520442,0.3596051451281253,83.03673337058042,597864.4802681791,9000.0
237.4342131047404,0.3673697973635407,87.22615875546022,628028.3430393136,9000.0
239.483094453407,0.38008330036641236,91.0235249218122,655369.3794370479,9000.0
231.87590570328862,0.47345100704251847,109.78188106411805,790429.54366165,9000.0
228.25020084455392,0.39125010904702806,89.30291597043778,642980.994987152,9000.0
238.80535418709937,0.37847649849036524,90.38221427348485,650751.9427690909,8999.999999999998
235.2325656149143,0.3997819741788684,94.04173947269064,677100.5242033725,8999.999999999998
239.9147747109334,0.40424673982648157,96.98476551309963,698290.3116943174,9000.0
228.69401246575,0.40159222030945463,91.84173623759864,661260.5009107102,9000.0
221.1592914490938,0.42629041717377847,94.27808661369146,678802.2236185785,9000.0
231.59801580977847,0.45916482405344783,106.34166218042456,765659.9676990568,8999.999999999998
236.87767650677344,0.4661848586104623,110.428786130285,795087.260138052,9000.0
229.17745519062342,0.3907669800207281,89.55498205367566,644795.8707864648,9000.0
227.7750107289435,0.4392305175102622,100.04573583837939,720329.2980363315,9000.0
238.71370084724884,0.37340138724253413,89.13602705016201,641779.3947611665,9000.0
228.20262411934175,0.4357190516984103,99.43223097636836,715912.0630298522,9000.0
222.82658801662515,0.4524143344832679,100.80994252271879,725831.5861635753,8999.999999999998
233.24813089891234,0.43046581116909777,100.4053458710762,722918.4902717486,9000.0
237.72167674177797,0.4183560665935569,99.45230562571527,716056.6005051499,9000.0
235.87709373143164,0.48660967278787925,114.78007539880788,826416.5428714168,9000.0
231.33722200754272,0.41664041554829767,96.38443630901139,693967.941424882,9000.0
229.1439720160616,0.36285880403480747,83.1469076375335,598657.7349902412,9000.0
232.51512456693968,0.4621511648612979,107.45713566648097,773691.3767986629,8999.999999999998
228.38178073162734,0.40937477697223246,93.49374055153125,673154.931971025,8999.999999999998
234.43338974107172,0.48899301609937385,114.63629032388667,825381.290331984,9000.0
233.46972122417478,0.4226326730706715,98.67193236203747,710437.9130066697,8999.999999999998
236.0291170207054,0.4827293312294817,113.9381778100902,820354.8802326494,8999.999999999998
232.86752761692745,0.40325697253886433,93.90545418941254,676119.2701637703,9000.0
230.33757520151133,0.38294746208568187,88.20718984638866,635091.7668939984,9000.0
230.3245560682008,0.4428322373596648,101.99513848255292,734364.997074381,9000.0
221.0021771884648,0.4005447000460101,88.52125077146881,637353.0055545755,9000.0
233.30182108378577,0.4519783303962168,105.44736757184639,759221.046517294,8999.999999999998
228.18145072950063,0.44900918990230043,102.45556834278476,737680.0920680503,9000.0
222.880899883401,0.4415605063091591,98.41540299915555,708590.90159392,9000.0
229.89740589692562,0.43852371981167576,100.8154656089745,725871.3523846164,9000.0
239.90073699693556,0.40002104534524724,95.96534359260939,690950.4738667876,9000.0
227.15713751616616,0.47847890604926085,108.6898986600167,782567.2703521202,8999.999999999998
223.07043554162794,0.4794962560151297,106.96143866987492,770122.3584230994,8999.999999999998
237.89795133010008,0.38775662827685514,92.246507481731,664174.8538684632,9000.0
230.1200440041633,0.4392452557723976,101.0791375869641,727769.7906261415,8999.999999999998
239.14792659221234,0.4473485675780642,106.98248240029024,770273.8732820897,9000.0
227.05697573405607,0.40732844517773237,92.48676489251116,665904.7072260804,8999.999999999998
222.86255087145307,0.3502455429550534,78.05661513432028,562007.628967106,8999.999999999998
233.58471214722613,0.4519611189616701,105.57120787439995,760112.6966956796,9000.0
220.98261921751975,0.46147809306787835,101.97863771764611,734246.191567052,9000.0
229.95134620201333,0.49327070366543424,113.428262349881,816683.4889191432,9000.0
237.03235620894628,0.43500841238338395,103.11106895794646,742399.6964972145,8999.999999999998
228.0043865054708,0.36507188176686295,83.23799043265136,599313.5311150898,9000.000000000002
222.7290832745094,0.35400990583426434,78.84830179656109,567707.7729352398,8999.999999999998
230.00218400062073,0.45566856905747744,104.80476606365748,754594.3156583338,9000.0
225.0538197714661,0.42687200060149794,96.06917428885468,691698.0548797537,8999.999999999998
236.28634381573488,0.4740797022282787,112.01855951677229,806533.6285207605,9000.0
235.95007704775819,0.37388689613486736,88.21864195016911,635174.2220412176,8999.999999999998
228.81441743795287,0.4650303618484786,106.40565133732007,766120.6896287045,9000.0
239.6113441056684,0.48556066015925486,116.34584242559473,837690.0654642821,8999.999999999998
236.60837523054036,0.45752128086733035,108.25336689941474,779424.2416757862,9000.0
235.4314353022647,0.48772956055792616,114.82687048149539,826753.4674667668,9000.0
231.54888169514538,0.42001174477558556,97.25324980161366,700223.3985716184,9000.0
236.12781026746347,0.3556593499229542,83.98106349845673,604663.6571888885,9000.000000000002
236.18328934911818,0.4199409405864131,99.18303268006166,714117.8352964439,8999.999999999998
237.97170188648704,0.47540088399290525,113.13195744213206,814550.0935833509,9000.0
234.73840485488483,0.4339797405119368,101.87171202710888,733476.3265951839,9000.0
220.52569745811837,0.4325632432147519,95.39131090467886,686817.4385136878,9000.000000000002
228.08952460091214,0.40765892895791866,92.98273130532868,669475.6653983665,8999.999999999998
233.96992887158157,0.396882256695547,92.85851336944991,668581.2962600393,8999.999999999998
229.1597779909187,0.37327915412416673,85.54056808773198,615892.0902316703,9000.0
234.35121452362347,0.3758181955809957,88.073450574483,634128.8441362777,9000.0
238.99108688751676,0.39836838919845474,95.20649431616799,685486.7590764095,8999.999999999998
223.92097193455646,0.3708498205626663,83.0410522621481,597895.5762874663,9000.0
225.31479644520672,0.475898765420252,107.22703345918926,772034.6409061627,9000.0
225.23972462900784,0.3526727446960453,79.43591189949363,571938.5656763541,8999.999999999998
228.20100816518843,0.4515279354860938,103.03913009267276,741881.7366672439,8999.999999999998
220.95291846684054,0.3553049824931826,78.50567282767838,565240.8443592844,9000.0
226.76546326184922,0.43557039482189763,98.77232236493418,711160.7210275261,8999.999999999998
237.20940278717632,0.48203670110550834,114.34363799073824,823274.1935333153,8999.999999999998
231.86085896490795,0.47175056952401817,109.38049226702339,787539.5443225683,9000.0
222.32797246355165,0.439551520446877,97.72459833422553,703617.1080064238,9000.0
234.20378678125005,0.4769255226637591,111.69776342047928,804223.8966274508,9000.000000000002
222.93606029329507,0.395620991327391,88.19818517585641,635026.9332661661,8999.999999999998
235.57137109676847,0.3596365141666905,84.72006673870969,609984.4805187098,9000.0
239.7016360722954,0.4052719600059037,97.14435186764099,699439.3334470151,9000.0
231.58272436265375,0.4356942301656756,100.89925681085627,726474.6490381651,8999.999999999998
231.73787884469868,0.394261600275386,91.36534695773442,657830.4980956878,8999.999999999998
237.33063490259502,0.43717819886200476,103.75577950149254,747041.6124107463,9000.0
229.6654849776305,0.39277384754454775,90.20659618284847,649487.492516509,9000.0
230.71751033382108,0.4189209796916227,96.6524054610564,695897.3193196061,8999.999999999998
239.87066380044268,0.42967390315588005,103.06616436772808,742076.3834476422,9000.0
239.90976059030325,0.4171676545107823,100.08259211970012,720594.6632618409,9000.0
239.82302518364162,0.3651368206711606,87.56821693929459,630491.161962921,8999.999999999998
237.63593995243332,0.41950055955673443,99.68840978083632,717756.5504220215,9000.0
230.80863755107606,0.45798382263810494,105.70662212353467,761087.6792894496,9000.0
227.78250396024512,0.41179708403765525,93.8001709256246,675361.2306644971,8999.999999999998
228.57506052084605,0.36784272732431345,84.07967366030802,605373.6503542177,9000.0
234.64556856715748,0.39651897557407,93.04142047124449,669898.2273929603,9000.0
231.918187755241,0.48724703971491357,113.0014504397887,813610.4431664787,9000.0
230.62474223401472,0.44433441219360725,102.47450927785312,737816.4668005424,9000.0
231.0141899285812,0.4523686659788434,104.50358092017544,752425.7826252632,9000.0
235.50421713286377,0.3863159706499339,90.97904023383506,655049.0896836125,9000.0
235.87168378664762,0.4061934852002104,95.80954129734036,689828.6973408506,9000.0
220.67340073332494,0.44991877237091066,99.28510555285158,714852.7599805313,9000.0
229.6805360260094,0.43111906910662556,99.01965888344395,712941.5439607964,8999.999999999998
228.95021764496738,0.43408702782050124,99.38431949636077,715567.1003737976,9000.0
239.55024021086703,0.3715489742648247,89.00464603524001,640833.4514537281,9000.0
229.98858339504173,0.44528053415313373,102.40943926326672,737347.9626955204,8999.999999999998
233.0928363966273,0.49218274225936975,114.72427141870665,826014.7542146879,8999.999999999998
236.599852910078,0.3886597416720179,91.95683771166834,662089.231524012,9000.0
235.0511449408394,0.4644001284220718,109.15778189628082,785936.029653222,9000.0
225.3755811096593,0.47713229991531025,107.53396935960129,774244.5793891293,8999.999999999998
228.25763427793976,0.49503523211530703,112.99557096687077,813568.1109614696,9000.0
230.30655165102374,0.4877201180255209,112.32513855328803,808740.9975836738,9000.0
230.45999065233582,0.39183251105202266,90.3017168343304,650172.3612071789,8999.999999999998
224.55828206886144,0.40208374453761675,90.29123492118217,650096.8914325116,9000.0
227.5130274287886,0.3565951130337035,81.13003373260896,584136.2428747845,8999.999999999998
225.61128967607803,0.4685029432222444,105.69955323740892,761036.7833093442,9000.0
231.3117249683381,0.4351018543953249,100.64416047710527,724637.955435158,9000.0
234.3412894189995,0.48553631259976887,113.78120555437626,819224.6799915091,9000.0
225.85146776590642,0.3788861889755591,85.57200189636062,616118.4136537964,9000.0
226.95294136955457,0.4584383151506973,104.04392405995358,749116.2532316658,9000.0
232.14050681163377,0.363368482216319,84.35254362107042,607338.3140717071,9000.0
231.98904625178676,0.4872494597676651,113.03653745819896,813863.0696990326,9000.0
231.50116628048204,0.4960995060048373,114.84761423129085,826902.8224652942,9000.0
234.6183897684064,0.44007633834387805,103.25000187741706,743400.0135174028,9000.0
224.27829672604827,0.43293189358332285,97.09722769125044,699100.0393770032,9000.0
236.10856151599847,0.49261724910942206,116.31115006519393,837440.2804693963,9000.0
222.69930706322407,0.4609389369548007,102.65078185829324,739085.6293797113,8999.999999999998
235.44858164663933,0.3819338699257911,89.92578795683954,647465.6732892448,8999.999999999998
234.38643033359423,0.3902795062705238,91.47622030710569,658628.786211161,8999.999999999998
227.39522390270892,0.3681325598423653,83.71158587123205,602723.4182728707,9000.0
238.972496160993,0.36004032983114037,86.03973633837484,619486.1016362988,8999.999999999998
228.0126739900722,0.4859687742051574,110.80703968219555,797810.6857118079,8999.999999999998
221.54761905641396,0.4429427645268418,98.13291485918762,706556.9869861508,9000.0
224.84096807388636,0.45932698181641546,103.27552325405925,743583.7674292267,8999.999999999998
230.87851706395782,0.4631032088655994,106.92058211044991,769828.1911952394,9000.000000000002
226.9119589150596,0.4119388397211682,93.47384907432705,673011.7133351547,9000.0
234.08622474201172,0.38300112968087346,89.65528851892132,645518.0773362336,9000.0
220.36120704818075,0.3772404727779125,83.12916592876716,598529.9946871236,9000.0
225.24695274044674,0.39652190258001074,89.31535025099171,643070.5218071403,9000.0
220.09010611320772,0.4967363535182432,109.32675675611802,787152.6486440498,9000.0
228.44331126897248,0.4809344915687185,109.86626775741777,791037.127853408,9000.0
233.9031890903955,0.4395350305434187,102.80864536105003,740222.2465995601,8999.999999999998
224.32814478865262,0.37127029345435936,83.28637614575507,599661.9082494365,9000.0
236.48465429537475,0.4390138040809901,103.82002768899032,747504.1993607304,9000.0
237.7307584852215,0.43551748933295464,103.53590307270267,745458.5021234592,9000.0
230.04920344531268,0.4767409586490475,109.67387778696812,789651.9200661705,8999.999999999998
225.44696738011592,0.4138615821828083,93.30383861825074,671787.6380514053,9000.0
236.28440636583122,0.3615779025792699,85.43522006594515,615133.584474805,9000.0
230.52604807363818,0.4656493888063765,107.344313389439,772879.0564039608,9000.0
229.01504262359808,0.3633334581841618,83.2088274126251,599103.5573709008,9000.0
227.81993867520217,0.4224847057769272,96.25043976131039,693003.1662814348,9000.0
239.9588474282282,0.38156470926603686,91.55982785476519,659230.7605543094,8999.999999999998
235.09553909598776,0.41940309382127244,98.59979644043717,709918.5343711476,8999.999999999998
234.03098335760012,0.4539831062387282,106.2461127807874,764972.0120216693,9000.0
224.98976163047269,0.41528130847910644,93.43404260430495,672725.1067509956,8999.999999999998
237.93608632081586,0.45151521798798483,107.43176388235115,773508.6999529282,9000.0
236.4879171335351,0.4162611453956454,98.44073125823579,708773.2650592977,8999.999999999998
220.51191199863757,0.41336125140270125,91.15107989295916,656287.775229306,9000.0
239.66012992321234,0.4450369197613252,106.65760601062543,767934.7632765031,9000.0
228.18350710988656,0.39913871783470933,91.0768724588674,655753.4817038453,9000.0
239.95778178137547,0.47837517716068473,114.78984637075042,826486.893869403,9000.0
226.03841294149223,0.38502134646637387,87.02961410385556,626613.2215477601,9000.0
231.79324556064117,0.39046606434116693,90.50739633492923,651653.2536114905,9000.000000000002
225.5675699323972,0.3583847735611066,80.83998247295125,582047.873805249,9000.0
229.06925372398936,0.4449134944735362,101.9160021507852,733795.2154856535,9000.000000000002
222.79364378112922,0.466310974857759,103.89112122369066,748016.0728105728,9000.0
220.09900608303468,0.48647651022537897,107.07299638334916,770925.573960114,9000.0
239.44776570509998,0.42065251297233713,100.72430436946172,725214.9914601244,9000.0
230.74676095809667,0.3825786479140257,88.27878381788952,635607.2434888046,9000.0
232.64657663623115,0.471398546312541,109.66925803090854,789618.6578225414,9000.0
238.40457169908115,0.4662750890565452,111.16211290047657,800367.2128834313,9000.0
223.12217281979716,0.45675801897168683,101.91284164582889,733772.459849968,8999.999999999998
226.2216294954591,0.43754315605731287,98.98172573787127,712668.4253126732,9000.0
236.6915144750383,0.42171453879756043,99.81625286413687,718677.0206217854,8999.999999999998
227.15117705920244,0.3719685957050053,84.49310434345054,608350.3512728439,9000.0
226.5659965625147,0.37432741767270644,84.80986442568941,610631.0238649638,8999.999999999998
223.71582728876467,0.4807693245428247,107.55570717515863,774401.0916611422,9000.0
221.30611661124374,0.43008611081436227,95.18068699275955,685300.9463478688,9000.0
224.7909663131738,0.4851878245955849,109.06583993422821,785274.0475264431,8999.999999999998
220.17416290756546,0.4399132131042119,96.85752344719731,697374.1688198206,9000.0
236.4113193474118,0.3808979717119847,90.04859202918344,648349.8626101208,9000.0
231.4221141639103,0.37094016228074994,85.84375658331513,618075.047399869,9000.0
221.11870688954573,0.40890819860052324,90.41725211108125,651004.2151997851,9000.0
233.55962736336065,0.413654068306017,96.61289005089145,695612.8083664185,8999.999999999998
227.28313007128787,0.45762042121202073,104.00940171760925,748867.6923667867,9000.0
235.29714337972743,0.40260586928940906,94.73201095170988,682070.4788523111,9000.0
227.33222521100572,0.3890050634527972,88.43338669307286,636720.3841901246,9000.0
232.28217177587584,0.4515926658660799,104.89692518543046,755257.8613350993,9000.0
235.96777476404486,0.4342088098528847,102.45928664392947,737706.8638362922,9000.0
235.53301275268885,0.45280479000708945,106.65047637921839,767883.4299303724,8999.999999999998
235.93453918060086,0.4384988420159429,103.45702222225859,744890.5600002619,9000.0
238.89629789904671,0.3899802269156546,93.16483246398006,670786.7937406565,9000.0
221.9297296574209,0.3739909393717539,82.99970806909823,597597.8980975073,9000.0
223.75317887257788,0.41322588510403496,92.46060538446245,665716.3587681297,9000.0
228.4512346287434,0.4203462532070545,96.028620516718,691406.0677203696,9000.0
223.4634688293177,0.45651924096380503,102.01537317309902,734510.686846313,9000.0
239.71264249055167,0.4509338969422327,108.09455602458469,778280.8033770098,9000.0
225.70314452665343,0.3505021869215391,79.10944575166025,569588.0094119537,9000.0
237.42252549364932,0.3792987529245958,90.05406783594924,648389.2884188346,9000.0
228.41038118650908,0.4835191845339494,110.4408012503894,795173.7690028037,8999.999999999998
222.34421542484475,0.46711811819960974,103.86101150182212,747799.2828131192,8999.999999999998
236.32948351045272,0.37375782735916846,88.32999429778124,635975.958944025,9000.000000000002
229.26537408260563,0.39555760362803477,90.68766196700044,652951.1661624032,9000.0
220.84203678251296,0.48457917727337924,107.01545249144749,770511.2579384219,8999.999999999998
237.2836331214367,0.41079862241109294,97.47578960698539,701825.6851702948,9000.000000000002
230.13714295717193,0.4024612473249747,92.62128161034943,666873.2275945159,9000.0
229.30526501821663,0.39548556838029214,90.68692306832293,652945.846091925,8999.999999999998
238.54134694166945,0.3852701206459925,91.90285351527453,661700.5453099766,8999.999999999998
231.75232320786938,0.41165399316618123,95.40176927405889,686892.7387732241,9000.0
239.9378137586874,0.4335424137254567,104.02321892095044,748967.1762308432,9000.0
238.06426937533666,0.35342271625099614,84.13732072494032,605788.7092195704,9000.0
233.89385475397492,0.371826316204882,86.96789039613022,626168.8108521375,8999.999999999998
237.08112242662824,0.45866650042490753,108.74116874023063,782936.4149296606,9000.0
225.95353125633576,0.40619386179954026,91.78093744825415,660822.7496274299,8999.999999999998
237.05292303036552,0.46815232599705825,110.97687730106723,799033.5165676841,9000.0
231.21090878853568,0.40383837696264313,93.37183814121997,672277.2346167838,9000.0
221.63949035848327,0.4701996914440616,104.2148199783779,750346.703844321,9000.0
224.09595664897358,0.3640554895427788,81.58336320239941,587400.2150572757,8999.999999999998
223.77906737765252,0.3806186783042856,85.17449285744777,613256.3485736239,8999.999999999998
223.6467099761254,0.387349077896596,86.62934688385961,623731.2975637892,9000.0
230.7704092260673,0.35378071733162736,81.64212091491129,587823.2705873613,9000.0
229.6961897917101,0.4595833611517875,105.56454694823303,760064.7380272779,9000.0
227.4448404960295,0.4984170620038251,113.36238916795965,816209.2020093094,9000.0
226.32805062171576,0.38190782203938767,86.43645287935975,622342.4607313902,9000.0
225.16911451597838,0.42796431730803475,96.36434637268539,693823.2938833348,9000.000000000002
225.7024632254501,0.4981536308323817,112.43450154357006,809528.4111137044,9000.0
227.83940524162892,0.4103162931058852,93.48622018219477,673100.7853118024,9000.0
224.4767828523617,0.46400604327428163,104.15858381826446,749941.8034915042,8999.999999999998
231.7404894007268,0.396681936482006,91.9272660967681,661876.3158967303,9000.0
236.68901378767893,0.3653108653937958,86.46506845598105,622548.4928830636,8999.999999999998
225.46281460330968,0.4339890990627409,97.84840378184015,704508.5072292491,8999.999999999998
239.47593887734072,0.49033468800556135,117.42335977425974,845448.1903746701,9000.0
229.79506894244878,0.49178148720455106,113.0089607567898,813664.5174488866,9000.0
239.91738011841124,0.3623222730775349,86.92741051530975,625877.3557102302,9000.0
224.74204985443075,0.3838804228799031,86.27407313701514,621173.326586509,9000.0
232.36790092396396,0.44470732261953744,103.33570708261796,744017.0909948493,9000.0
239.40892952800837,0.47049116711108635,112.63978667044849,811006.4640272291,9000.000000000002
236.29024894694263,0.43479100683854033,102.73687524577053,739705.5017695478,8999.999999999998
222.37289248824248,0.4242151253625717,94.33394446413747,679204.4001417898,8999.999999999998
220.11177115028514,0.4938246061016668,108.69660868662979,782615.5825437345,9000.0
231.93003841577922,0.4572833708532237,106.05774976888519,763615.7983359734,9000.0
233.1102198374969,0.4664452885516194,108.73316375643267,782878.7790463152,8999.999999999998
228.46638908352244,0.41148187007901094,94.00977703028674,676870.3946180645,8999.999999999998
231.7384701750879,0.4953452508265433,114.79055063503834,826491.9645722761,9000.0
233.4539141367217,0.430316476868126,100.45906584238807,723305.2740651941,8999.999999999998
239.90890423641167,0.3645673907276861,87.46296322980693,629733.3352546099,9000.0
232.58617908081783,0.4806378006394757,111.78970957254352,804885.9089223134,9000.0
227.82932222025102,0.3921834213076679,89.35088306254514,643326.358050325,9000.0
220.0835994668047,0.4825249588140127,106.19582976835962,764609.9743321892,9000.0
229.81757337277537,0.370924283362427,85.24491870738869,613763.4146931986,9000.0
226.2811302527417,0.39040719725762957,88.3417818542615,636060.8293506828,9000.0
224.66361032822934,0.4697235508998554,105.52978880135731,759814.4793697726,9000.0
221.26788022043198,0.43899154362743364,97.13472829313753,699370.0437105902,9000.0
230.46829016434316,0.4569224251116352,105.3061300532237,758204.1363832107,9000.0
230.44381331052637,0.45298639164545573,104.38791146855438,751592.9625735915,9000.0
231.63268501458458,0.39828575873926947,92.25599969984803,664243.1978389058,9000.0
228.24978246391754,0.412781912942926,94.21738183426261,678365.1492066908,9000.000000000002
233.45163751022912,0.43444250267915635,101.42131365449116,730233.4583123364,9000.0
228.39162476335704,0.48835418197164915,111.53600508048507,803059.2365794925,9000.0
229.7193690689516,0.37986729878689196,87.26287620725175,628292.7086922126,9000.0
234.3207337317633,0.4269635663932908,100.04641615400634,720334.1963088457,9000.0
228.20151310846933,0.4375027441953088,99.83878821447706,718839.2751442349,8999.999999999998
237.69375926242552,0.48544223485362403,115.38658970711114,830783.4458912002,9000.0
233.3118804455441,0.4696347028494383,109.57135564428678,788913.7606388648,9000.0
224.567902172583,0.46198762708969154,103.7475922452216,746982.6641655955,8999.999999999998
221.61101483336742,0.37621410506398595,83.37318961785704,600286.9652485707,8999.999999999998
234.38207892920968,0.36151650796515516,84.73299070410125,610077.533069529,8999.999999999998
229.03122883820527,0.44546215233619657,102.0247441504709,734578.1578833904,8999.999999999998
227.52708815057738,0.38299762594826753,87.14233460059333,627424.809124272,9000.0
221.10395584396906,0.3579747662983401,79.14963692088332,569877.3858303599,8999.999999999998
238.0416851502359,0.4489065461462205,106.85847071961847,769380.989181253,9000.0
238.64086025458636,0.4686570465970477,111.84072076429322,805253.1895029112,8999.999999999998
236.1177792894475,0.36621819134461714,86.47062607568895,622588.5077449605,8999.999999999998
228.1292961096214,0.4851036475709686,110.66635366057491,796797.7463561394,8999.999999999998
233.2156674459756,0.4265306281035047,99.47362511931006,716210.1008590324,8999.999999999998
233.03348473891205,0.38697804653771695,90.17884270214105,649287.6674554156,9000.0
231.84806870755048,0.4017343521369367,93.14133367642778,670617.60247028,9000.0
237.042119576189,0.3923316965171462,92.99913691934647,669593.7858192946,9000.0
236.54450225036106,0.4105609061840716,97.1159251967684,699234.6614167325,9000.0
224.757234934189,0.365598991216427,82.17101836053298,591631.3321958375,9000.0
222.48496514907904,0.45589491308733765,101.42976384987874,730294.2997191269,9000.0
237.38284567110318,0.45369958706934443,107.70049905832543,775443.5932199431,9000.0
232.27694029664627,0.35937685212173853,83.47495562427774,601019.6804947997,9000.0
230.47391333002838,0.38805962869703975,89.43762123120453,643950.8728646727,9000.0
239.22308980786366,0.46547298458483055,111.35188559447126,801733.576280193,9000.0
237.74802131423036,0.4970839505152136,118.18072566205282,850901.2247667803,8999.999999999998
227.43687106829395,0.4923917002986541,111.98802765592303,806313.7991226459,9000.0
222.3800921339733,0.42073219553805047,93.56246440748053,673649.7437338599,8999.999999999998
225.2136962193832,0.3992605238178262,89.91893832349972,647416.355929198,9000.0
231.04150605421626,0.45317676484045377,104.70264225751583,753859.024254114,8999.999999999998
224.51518292208434,0.35961751745972687,80.73959271445644,581325.0675440864,9000.000000000002
230.3680194574798,0.49638564436407284,114.35137777927638,823329.9200107899,8999.999999999998
232.6856296877424,0.37959637346912334,88.3266211878464,635951.6725524941,9000.0
239.5768429713827,0.4017364743607456,96.24675623380126,692976.6448833691,8999.999999999998
234.69028056434462,0.47148527020413133,110.65301034616341,796701.6744923766,8999.999999999998
224.37753532636202,0.39323346944270343,88.2327566813881,635275.8481059943,8999.999999999998
229.5702150074363,0.49308881178433184,113.19850453909035,815029.2326814506,9000.0
221.1975409183858,0.4421525628242896,97.80305960749496,704182.0291739637,9000.0
220.04501649110964,0.44406669685349076,97.71466363227896,703545.5781524085,9000.0
227.07824674743887,0.40299253660092016,91.51083866364004,658878.0383782083,9000.0
228.5106589130127,0.4972444909024488,113.62566625698412,818104.7970502856,8999.999999999998
237.55221266044038,0.48820883246020585,115.97508839129213,835020.6364173034,9000.0
234.74003099088966,0.4437247643162969,104.15996492703275,749951.7474746357,8999.999999999998
237.20071068997646,0.39822529935853335,94.45932402257273,680107.1329625236,8999.999999999998
231.646813827326,0.41592943303216773,96.34872793890781,693710.8411601363,9000.0
231.77087294785855,0.4933533044607319,114.34492604657447,823283.4675353362,8999.999999999998
220.356950682001,0.49900344275671726,109.95887702569067,791703.9145849728,9000.0
236.6588995415324,0.4100048247864125,97.03129064067119,698625.2926128325,8999.999999999998
236.00678854296663,0.4949973593190556,116.82273711013923,841123.7071930025,9000.0
223.8951027646912,0.4195718151238408,93.94007466432035,676368.5375831065,9000.0
232.94160274889757,0.42159543337735667,98.20711596253753,707091.2349302702,9000.0
233.06631472059178,0.3671472042014869,85.56964584320912,616101.4500711056,8999.999999999998
231.2459358704908,0.3761600917185726,86.98549244659098,626295.545615455,9000.0
223.86213002477447,0.4546479839425339,101.77846609684511,732804.9558972848,9000.000000000002
222.81001585103306,0.3548294924764813,79.05956484309881,569228.8668703114,8999.999999999998
222.25703763333567,0.49650026975667294,110.35067914027017,794524.8898099452,8999.999999999998
238.27968766015587,0.3574378485484387,85.17017891004006,613225.2881522884,8999.999999999998
233.24690007238124,0.4789998682118505,111.72523439549327,804421.6876475515,8999.999999999998
236.81964384339875,0.37067113786462075,87.78220685212685,632031.8893353133,9000.0
229.74097260788645,0.40962707229834494,94.10812199634279,677578.478373668,9000.0
224.6875297200038,0.4477538837165558,100.60471405481076,724353.9411946374,9000.0
239.84617721062435,0.4146622405003594,99.45515321760372,716077.1031667468,8999.999999999998
224.74909589542904,0.3683304811925104,82.78194263874504,596029.9869989642,9000.0
222.4715229620861,0.46520715678287444,103.49534466234805,745166.4815689059,9000.0
237.3152391470723,0.48489727059675725,115.07351173343207,828529.2844807109,8999.999999999998
221.7261331856821,0.4820304025806298,106.87873724214069,769526.9081434129,9000.0
237.6717889849724,0.3928612484068577,93.37203573172751,672278.657268438,8999.999999999998
235.5079205183784,0.4663556054603843,109.83043886406442,790779.1598212639,8999.999999999998
238.36691032768445,0.4135233002424745,98.57027142730605,709705.9542766035,8999.999999999998
234.73860797532203,0.4226662240197561,99.21608106458316,714355.7836649988,9000.0
227.4767950467405,0.42759091536967414,97.26701101939553,700322.4793396478,8999.999999999998
236.31225356155852,0.4798269626268643,113.38899085795202,816400.7341772546,9000.000000000002
221.9248082227592,0.40736514730102796,90.40443219141669,650911.9117782002,9000.0
238.19742389645867,0.4913678609114648,117.04255865462433,842706.4223132952,9000.0
230.20526174519148,0.45849152458349834,105.54716142469613,759939.5622578121,9000.0
222.18087949903074,0.36659217719715037,81.44977234712739,586438.3608993172,9000.0
236.56271012120223,0.47974711691433275,113.49027815008782,817130.0026806323,9000.0
227.7127122284573,0.436517320264693,99.40054293217136,715683.9091116338,9000.0
224.6997545319918,0.396410038924391,89.07323844032797,641327.3167703614,9000.0
230.40396216217633,0.49485618453487157,114.01682561729149,820921.1444444987,9000.0
231.96361482344827,0.44619071709967073,103.50001163910619,745200.0838015645,9000.0
237.41931728410293,0.4413473150404658,104.78437822207928,754447.5231989708,9000.0
233.4109300275638,0.4699863292015105,109.69994619916534,789839.6126339905,9000.0
234.32291879710795,0.351714790471233,82.41483628733256,593386.8212687945,9000.0
228.7035622507704,0.41574380692559043,95.08208962757904,684591.045318569,8999.999999999998
231.77409382875103,0.38835959898569145,90.01169413460578,648084.1977691615,8999.999999999998
231.69937481412626,0.4922611554090835,114.0566019535641,821207.5340656615,8999.999999999998
236.7200678010779,0.4949277779656235,117.15933715665922,843547.2275279464,9000.0
229.56779325968654,0.4661049890349474,107.00269376008326,770419.3950725995,9000.0
224.95025466438074,0.4849171608717836,109.0822388292362,785392.1195705007,8999.999999999998
224.70368673940584,0.3896663122957319,87.55945697099962,630428.0901911972,9000.0
228.4479282747918,0.357911332909275,81.76410250919318,588701.5380661909,8999.999999999998
231.16815193232014,0.4349163464051157,100.53880804362736,723879.417914117,9000.0
231.44832379755735,0.3552155289534719,82.21403876314378,591941.0790946352,9000.0
231.93766825866675,0.43193380240429297,100.18171897175141,721308.3765966102,9000.0
238.0360345783688,0.4000440499408531,95.2248993045916,685619.2749930596,9000.0
234.03701888160225,0.41128162160143816,96.25512464039177,693036.8974108207,8999.999999999998
234.3239630307328,0.3882154683227576,90.96818704722048,654970.9467399875,9000.0
227.9854300147587,0.491739458443994,112.10943188857854,807187.9095977655,9000.0
234.0605775018912,0.48415661953409217,113.32197796951303,815918.2413804939,9000.0
224.26627890838483,0.4335691395997571,97.23493758754758,700091.5506303426,9000.0
233.28982897196445,0.4665827997986352,108.84902156628394,783712.9552772443,9000.0
239.49947796307836,0.45718993467614205,109.49675068490991,788376.6049313514,8999.999999999998
236.02135143516222,0.40453049780534694,95.47783478875691,687440.4104790498,9000.000000000002
232.90136439424845,0.3920671309307384,91.31296972790743,657453.3820409335,9000.0
223.39424668209293,0.42286265968204717,94.46508530965716,680148.6142295315,9000.0
235.70090405764094,0.46260174076193733,109.03564851622707,785056.6693168349,9000.0
228.63558993538203,0.3773917113893715,86.28517657023238,621253.2713056732,8999.999999999998
234.19583877991803,0.4538410678173559,106.28768955025933,765271.3647618672,9000.0
229.2629876921552,0.4612841683757362,105.75538661691246,761438.7836417697,9000.0
238.04338935481582,0.42248791305055994,100.570454783998,724107.2744447857,9000.0
224.5936813026188,0.3984974186046082,89.50000223399964,644400.0160847974,9000.0
235.63162020293964,0.4593466239979535,108.2365892473883,779303.4425811957,8999.999999999998
229.245229133684,0.383289930239304,87.86738788234301,632645.1927528697,8999.999999999998
228.10764040092022,0.45920614341566135,104.74842983215308,754188.6947915022,9000.0
223.4371616610452,0.4963613613105369,110.90557372943888,798520.1308519599,8999.999999999998
220.17143883984204,0.4511702868421332,99.33481121581671,715210.6407538804,9000.0
222.50542451708532,0.3995509196969389,88.90224700335925,640096.1784241867,9000.0
235.64004447707447,0.4848669199926412,114.25406259252809,822629.2506662023,9000.0
225.02871778134423,0.4070005691436902,91.58681621068195,659425.07671691,9000.0
233.33235624393757,0.4440382996388704,103.60850271728921,745981.2195644823,9000.0
234.45241306967003,0.3644265757285371,85.44069006627237,615172.968477161,8999.999999999998
227.05867088867322,0.38628064448133803,87.70836972595272,631500.2620268596,9000.0
225.21921473324105,0.47998037626438916,108.1008034296313,778325.7846933453,8999.999999999998
225.78241497448738,0.42501756840449956,95.9614930009523,690922.7496068566,9000.0
231.9587776545785,0.49005358135129784,113.6722297154956,818440.0539515683,9000.0
221.5139565161562,0.4886752257714387,108.24838271205729,779388.3555268125,9000.0
222.26145986621052,0.4568681860590962,101.54418999992221,731118.1679994399,9000.0
239.88750533016417,0.3976213116622255,95.38438452075899,686767.5685494647,9000.0
239.34851101451062,0.398703679819416,95.4291321007834,687089.7511256405,8999.999999999998
224.20733610900498,0.3726656158151502,83.5543649813367,601591.4278656243,9000.0
221.25588383031698,0.4420684714380342,97.81025036153949,704233.8026030844,9000.0
225.07717183967725,0.4533789604031055,102.045254179144,734725.8300898367,8999.999999999998
235.93403627636678,0.4762985121943306,112.37503045443673,809100.2192719444,9000.0
237.67609423953175,0.3526685881589815,83.8208925945967,603510.4266810962,8999.999999999998
237.34174677309707,0.3598024489676737,85.3961417312258,614852.2204648257,8999.999999999998
222.87869823262113,0.3510208464502688,78.2350693093487,563292.4990273106,9000.0
222.3017833314999,0.3773801724616111,83.89228533216513,604024.4543915889,8999.999999999996
236.14697858443043,0.42741857529267085,100.93360514622611,726721.957052828,9000.0
225.87962532204597,0.40243459294400247,90.90177507082136,654492.7805099138,9000.0
230.5482422077921,0.43277484028340074,99.77547869909601,718383.4466334913,9000.0
237.69911065265575,0.481716819436783,114.50365956654927,824426.3488791548,9000.0
222.03774470176867,0.4683567534948323,103.99287726183478,748748.7162852105,9000.000000000002
228.96523012934423,0.3537787863342877,81.00304122791029,583221.8968409541,9000.0
232.53574260127917,0.46081361355387185,107.15563582852847,771520.5779654051,9000.0
237.0274596990168,0.4435516377318905,105.13391793692857,756964.2091458857,8999.999999999998
222.96629429372473,0.35029766418232,78.10457208247952,562352.9189938526,9000.0
230.23218618111997,0.43441558893427384,100.01645075149662,720118.4454107757,9000.0
222.1230395609019,0.4110185267203367,91.29668447096496,657336.1281909477,8999.999999999998
239.99349923329706,0.3629929683603921,87.11595267389198,627234.8592520222,9000.0
224.3104158269105,0.44511927621490316,99.84488994033836,718883.2075704362,8999.999999999998
222.62229335040223,0.4634991891598782,103.18525245682397,742933.8176891326,9000.0
225.27749761248043,0.3967390624896231,89.37638320278379,643509.9590600432,8999.999999999998
231.09842466826413,0.4438610249052823,102.57558362725189,738544.2021162136,9000.0
229.52294869215905,0.4765051742464649,109.36887266011966,787455.8831528616,9000.0
231.8029834566232,0.4571201244945734,105.96180865590513,762925.0223225169,8999.999999999998
235.35729407275562,0.4307981443671068,101.39148554980657,730018.6959586074,8999.999999999998
236.21765327835215,0.45540867658634077,107.57556886582545,774544.0958339432,9000.0
233.6943204869409,0.4455571658159969,104.12417910345665,749694.0895448879,8999.999999999998
233.78115214650057,0.4486240074202764,104.87983733529245,755134.8288141056,9000.0
223.38075160582366,0.3778545569749567,84.40543493475134,607719.1315302097,9000.0
234.72963206644195,0.4558090945813142,106.99190106360992,770341.6876579914,9000.0
237.87455496376387,0.4774110651191824,113.56394465000201,817660.4014800146,9000.0
237.93534439014843,0.4265188829276247,101.48391729828577,730684.2045476576,9000.0
234.1751315806072,0.39890579189234343,93.41381630465584,672579.477393522,9000.0
221.77432472837802,0.39124339500826993,86.76773973239713,624727.7260732594,9000.0
238.02823865659167,0.37808885531150516,89.9958242854845,647969.9348554884,9000.0
226.65941470229214,0.4336462973839732,98.29001595286748,707688.1148606458,9000.0
228.67049015756032,0.48711704906151587,111.38929437300119,802002.9194856086,8999.999999999998
230.4960448909563,0.470795652579631,108.5165358714617,781319.0582745243,9000.0
236.52344548002304,0.470801217682612,111.35552614248175,801759.7882258686,9000.0
222.6514115838038,0.47078040441912405,104.81992158991198,754703.4354473663,8999.999999999998
229.68043516581233,0.38313613587740464,87.9988744160701,633591.8957957047,8999.999999999998
220.62041072980745,0.40685970302153607,89.76155479001876,646283.194488135,8999.999999999996
226.41904418185482,0.45502020924230857,103.0252408600711,741781.7341925119,9000.0
232.03656655829866,0.4138463478961603,96.02748564851622,691397.8966693168,8999.999999999998
234.89950889286013,0.40292970386166205,94.64798955544998,681465.5247992398,9000.0
220.64953837818177,0.45693225748657484,100.82189168451323,725917.6201284953,8999.999999999998
234.89514391785133,0.47266849418570644,111.02753396718559,799398.2445637363,9000.0
232.80216442284132,0.4232309417877068,98.52907929889571,709409.3709520492,9000.000000000002
234.6674209073697,0.4568706451716676,107.21265599072126,771931.1231331931,9000.0
223.75339719778663,0.49659176493292156,111.1140944241859,800021.4798541385,8999.999999999998
220.87499840270962,0.3566635957489955,78.77807114136405,567202.1122178212,9000.0
229.02785043237972,0.4674780196904965,107.0654859741001,770871.4990135207,8999.999999999998
234.31466201044748,0.4428968233155671,103.77721946068799,747195.9801169535,9000.0
222.90224221087055,0.35726026118659415,79.63411327133309,573365.6155535983,9000.0
232.4465402246651,0.47015203936463473,109.2852149298799,786853.5474951352,8999.999999999998
239.35499844233723,0.36787403673628494,88.0524894899898,633977.9243279265,9000.0
226.95957940688731,0.36351178913965065,82.50248277258022,594017.8759625776,9000.000000000002
232.4564082177467,0.4607091659347402,107.09479794618358,771082.5452125218,9000.000000000002
231.64008048213975,0.44481709512581447,103.03746771477527,741869.767546382,9000.0
221.58581341880986,0.3840855186795798,85.10790207900018,612776.8949688013,8999.999999999998
224.29500577560333,0.43339328556466894,97.20794948883513,699897.236319613,9000.000000000002
238.62191707989263,0.48497101120681163,115.72471242234349,833217.9294408731,8999.999999999998
234.38788804239474,0.36385858904896023,85.28404623327141,614045.1328795542,9000.0
225.036988169575,0.4442795694226733,99.97933620815402,719851.220698709,9000.0
238.73188817229928,0.3576001673765506,85.37056316853418,614668.054813446,8999.999999999996
229.17682454835963,0.36600519287479055,83.8799078712544,603935.3366730317,9000.0
229.31486231399037,0.46576017877582226,106.80573126731723,769001.2651246841,9000.0
222.76562550629362,0.40023984056819073,89.15967843671224,641949.6847443281,8999.999999999998
225.65920051141327,0.42826803919829093,96.64262333007693,695826.8879765539,9000.0
229.72203079101283,0.4247087118251477,97.56494777510797,702467.6239807773,9000.0
224.1726506861734,0.4598085568638302,103.07650300034891,742150.8216025122,9000.0
239.35288747346382,0.38832455073640776,92.9466024955948,669215.5379682826,9000.0
221.2353156782064,0.3627366710330098,80.25016192404964,577801.1658531574,9000.0
225.84987734439613,0.4710888607575862,106.39536142041216,766046.6022269676,9000.0
233.79362626716235,0.4904719665301168,114.66921963746229,825618.3813897285,9000.0
224.09010805924467,0.3915888445544181,87.75118649099431,631808.542735159,9000.0
237.70245128577847,0.49250893875848717,117.07058202304975,842908.1905659583,9000.000000000002
230.85776154394273,0.462896326547096,106.86320977357654,769415.1103697511,9000.0
228.9137293556967,0.375318499042738,85.91555731205564,618592.0126468006,9000.0
237.74295068270476,0.4365413914261011,103.78463849277487,747249.3971479791,9000.0
225.06253706527835,0.4811053528143865,108.27879130009168,779607.2973606602,9000.0
239.88399408381076,0.3978413658718686,95.43577585710251,687137.5861711381,8999.999999999998
235.76217087928092,0.39554493743929714,93.25453313099806,671432.638543186,9000.0
230.7543006142172,0.48106990023452273,111.00894837516853,799264.4283012134,8999.999999999998
226.03238240894345,0.48102561051881454,108.72736474528418,782837.026166046,9000.0
225.43774579847607,0.44699843854970434,100.77032036208398,725546.3066070046,9000.0
230.34034838526028,0.3700928314789977,85.24731173775974,613780.6445118701,8999.999999999998
236.0602510563835,0.4425760055502625,104.47460298172633,752217.1414684296,8999.999999999998
221.0988329474374,0.3923923575118969,86.75749230337402,624653.9445842929,9000.0
232.30248874181282,0.4106296835579226,95.39029744176848,686810.1415807331,9000.0
230.60731443646586,0.3940663276558806,90.87457753056304,654296.9582200539,8999.999999999998
224.61804287266685,0.38072207488049387,85.51704733807745,615722.7408341576,8999.999999999998
237.20934175006465,0.4367637124959651,103.60443274148236,745951.915738673,8999.999999999998
233.93992067784035,0.3546088588763435,82.95716831719129,597291.6118837773,9000.0
234.3211316327762,0.49505784914674167,116.00251543575271,835218.1111374196,9000.0
238.3184540569099,0.4114137023678693,98.04747752614026,705941.8381882098,8999.999999999998
224.04674172611493,0.495917085560293,111.1086071860946,799981.9717398811,9000.0
234.22636011669,0.42895679528812497,100.47298880765763,723405.5194151349,9000.0
235.3888584216694,0.49069481782262525,115.5040930006968,831629.469605017,9000.0
236.88564758000723,0.4048154452859465,95.89496890695042,690443.7761300431,9000.000000000002
227.2899842208009,0.4660048551012765,105.91823616278575,762611.3003720574,9000.0
229.47934628347974,0.36234046830660815,83.14965379905036,598677.5073531625,8999.999999999998
227.60831136292708,0.4143459213561502,94.30857547998954,679021.7434559247,9000.0
229.48100219946542,0.4328862187843621,99.33916332497247,715241.9759398018,9000.0
227.46482924908102,0.4446633855980219,101.14528107837232,728246.0237642807,9000.0
234.73656250203553,0.412306748694432,96.78346888492159,696840.9759714354,9000.0
226.6678221212738,0.39615048349437954,89.79456732596063,646520.8847469165,9000.0
233.42488300566438,0.4601907591233616,107.41997410865856,773423.8135823417,9000.0
239.86549595174654,0.35631638441920394,85.46800626444552,615369.6451040078,9000.0
229.36683893044037,0.44770660408208973,102.68904854659111,739361.149535456,9000.0
231.70086919544872,0.4371741863657118,101.29363897074852,729314.2005893893,9000.0
237.70605568175785,0.4662569389476281,110.83209789149085,797991.1048187341,9000.0
227.9634804256161,0.4281725269093196,97.60769945687926,702775.4360895307,8999.999999999998
225.12414247101947,0.40083134222205463,90.23681219324779,649705.047791384,9000.0
234.50489922398057,0.4638258326288492,108.76943013810715,783139.8969943715,9000.0
231.37398229940555,0.43133594732535824,99.79991584155476,718559.3940591943,8999.999999999998
231.28125798073503,0.466217977590312,107.8274803503215,776357.8585223148,9000.0
223.8422252228048,0.47455487817123804,106.22541992018697,764823.0234253461,9000.0
225.29171222418597,0.3574416528404984,80.52864198867896,579806.2223184885,9000.000000000002
238.09455346254236,0.4834966864980793,115.11792767237903,828849.079241129,8999.999999999998
235.47899919764808,0.4047838818430327,95.31810338773637,686290.3443917019,8999.999999999998
238.48853636986178,0.4407052932354232,105.10316035416682,756742.7545500011,9000.0
228.0513057302673,0.45964430454467886,104.82248382289465,754721.8835248415,9000.000000000002
232.10997874005284,0.4781621489265467,110.98620622163872,799100.6847957989,8999.999999999998
233.17519623802926,0.3863566341479034,90.08878398530184,648639.2446941733,9000.0
230.78131392250026,0.4995799783347651,115.2937238094713,830114.8114281934,8999.999999999998
224.7165048987323,0.4110506537766885,92.36986625303634,665063.0370218616,9000.000000000002
236.77306176977982,0.4109577443168137,97.30372337989431,700586.8083352391,9000.0
225.43898324759624,0.36475411093964294,82.22979590561403,592054.530520421,9000.0
226.71798688675025,0.4306717399773705,97.6410298966834,703015.4152561205,9000.0
225.82720338052025,0.4143276937154471,93.56646435486017,673678.5433549932,8999.999999999998
223.30344745749915,0.49961184539268355,111.5650474667893,803268.3417608829,8999.999999999998
238.9442609766046,0.3841849416766519,91.79878696726753,660951.2661643262,9000.0
220.7073400221844,0.40158895767190184,88.63363063004707,638162.1405363389,9000.0
229.91695518653478,0.35845092563435244,82.41394540564532,593380.4069206463,8999.999999999998
221.77455299810518,0.4579786691786044,101.56801463975208,731289.7054062149,9000.0
222.92867699740603,0.3844916468896573,85.71421415766511,617142.3419351889,9000.0
234.9558157949169,0.39873137559909916,93.68425563691576,674526.6405857935,9000.0
223.61190689031784,0.4596774082513576,102.7893418134852,740083.2610570934,8999.999999999998
230.3879262671362,0.3561815346475001,82.05992514208367,590831.4610230024,9000.0
225.0560178583484,0.44565345865874906,100.29699275053817,722138.3478038748,9000.0
227.6330214578137,0.462687677996435,105.32299413362848,758325.557762125,9000.0
227.33864875594162,0.47508361536593285,108.00486716337868,777635.0435763265,9000.0
236.83503395664545,0.4352819793554981,103.09002236137523,742248.1610019017,9000.0
226.42755033254713,0.4188653358741852,94.84265192121133,682867.0938327216,9000.0
222.8946089758667,0.434753459300195,96.90420231162234,697710.2566436809,8999.999999999998
235.44245330300618,0.36510672868185645,85.96162391829134,618923.6922116976,8999.999999999998
237.05439600773605,0.4611812869356194,109.32505142459367,787140.3702570744,9000.0
239.13397497557042,0.4717716976697487,112.81664134474006,812279.8176821284,9000.0
231.5514544296748,0.3768997578738282,87.27168710987719,628356.1471911158,9000.0
220.17934248342377,0.4900755957431929,107.90452243790841,776912.5615529405,8999.999999999998
234.03212884249106,0.4327740870333347,101.28304089627683,729237.8944531932,9000.0
226.03921436512482,0.39638813629953923,89.59926291280387,645114.6929721879,9000.000000000002
230.6530300879915,0.3834041543990497,88.43332996046495,636719.9757153476,8999.999999999998
230.75759161329714,0.45601916000770776,105.22988309289742,757655.1582688615,9000.0
225.4223857056224,0.3828847934163982,86.31080358232886,621437.7857927678,9000.0
236.99766949729107,0.4581319338221715,108.57620063814183,781748.6445946211,9000.0
227.585781808388,0.37661011407028644,85.71110724763233,617119.9721829528,9000.000000000002
220.26037319951152,0.3911340737382456,86.15133705263123,620289.6267789449,8999.999999999998
227.92228246475995,0.3565780725495087,81.27208817236878,585159.0348410553,9000.0
234.2404053189121,0.48613889791809883,113.87337248962471,819888.2819252979,9000.0
226.5988053445687,0.410868516793953,93.1023150592046,670336.6684262732,9000.0
225.01409722036692,0.4391975908309912,98.82564940219558,711544.6756958081,8999.999999999998
228.19354868995816,0.46811280246911424,106.8203215826286,769106.3153949259,9000.000000000002
232.5131705648142,0.4132524344528822,96.0866337782677,691823.7632035274,9000.0
220.31365346670924,0.42183532113763034,92.9360807611339,669139.781480164,9000.0
228.13109345681244,0.45645025022773567,104.13049469308899,749739.5617902407,9000.0
233.73327355666976,0.4534934314993863,105.99650428079894,763174.8308217524,9000.000000000002
227.58852184265007,0.44894550519162313,102.1748439144633,735658.8761841357,8999.999999999998
225.13961305542196,0.37688855655461784,84.85254378772318,610938.3152716069,9000.0
234.64339261180007,0.4650655313469094,109.12455406204828,785696.7892467476,8999.999999999998
222.42830470351223,0.4794942825580836,106.6531003844214,767902.3227678342,9000.000000000002
231.44385424304974,0.4888971770154369,113.15224697699927,814696.1782343948,9000.0
226.1785974040941,0.45339212647979177,102.54759524125893,738342.6857370643,9000.0
231.47440963518272,0.4866014901149995,112.63579265196971,810977.7070941819,9000.0
232.67587967130808,0.3672854837803833,85.45847302910263,615301.005809539,9000.0
229.7489785013928,0.3748787489813351,86.12800964034179,620121.6694104609,9000.0
221.1537877447817,0.4859004157702309,107.45871741435083,773702.765383326,8999.999999999998
225.08257941643612,0.3902430749424126,87.83691790743983,632425.8089335668,9000.0
225.19430465817885,0.4831673337739247,108.80653176276518,783407.0286919093,8999.999999999998
235.18872533770156,0.4726653907056435,111.16557075130699,800392.1094094103,9000.0
236.2661686097609,0.4083567767664994,96.48089107245224,694662.415721656,8999.999999999998
220.6673532561628,0.40984579080576733,90.43958590028767,651165.0184820712,9000.0
226.01167115113833,0.443660374390851,100.27242263961593,721961.4430052347,9000.0
226.78068963816898,0.4526093026246426,102.64304978586718,739029.9584582436,8999.999999999998
224.19578512337083,0.39742834281943173,89.10175934868268,641532.6673105153,9000.000000000002
222.14058690883226,0.39124643529151015,86.91171276164452,625764.3318838406,9000.0
225.56494528216302,0.4722367430776865,106.52005511254524,766944.3968103257,9000.0
224.23625585430287,0.41048571984157267,92.04578089893258,662729.6224723145,9000.0
234.6497486410259,0.4511612373227588,105.86487093435959,762227.0707273891,9000.0
235.13247680817307,0.4197579079980108,98.69871656738952,710630.7592852046,9000.0
223.48297034491398,0.36283159608263854,81.08668282753412,583824.1163582456,9000.0
228.28535719770213,0.46614538083371254,106.41416476968296,766181.9863417173,8999.999999999998
229.39765035994492,0.3893745705088664,89.32161158464666,643115.603409456,9000.0
237.43507384297558,0.48844022162925854,115.97284009042237,835004.448651041,9000.0
237.03154658083832,0.4900526189952585,116.15793018643643,836337.0973423423,9000.0
234.53314807216952,0.49994461210719415,117.25358373921992,844225.8029223834,8999.999999999998
226.42165308086908,0.44691948447353924,101.19224846854856,728584.1889735496,9000.0
224.74567246966686,0.4833766893269273,108.63681909894152,782185.0975123789,9000.000000000002
222.635665063915,0.4845161168965313,107.87056791944484,776668.0890200029,9000.000000000002
233.64667864284414,0.4700907548128524,109.83514352273056,790813.0333636601,9000.0
235.85232222579387,0.46515247565289564,109.70729157181248,789892.4993170499,8999.999999999998
227.70135598778387,0.4308069674328257,98.09533065343946,706286.3807047642,9000.0
235.84810044262363,0.4294851860138576,101.29326528961518,729311.5100852293,9000.0
230.30978143015417,0.47343264949996305,109.03617002823528,785060.424203294,8999.999999999998
227.84566070102989,0.3591513508271872,81.83107682088784,589183.7531103925,9000.0
223.67886835754206,0.4183367280308014,93.5730859183265,673726.2186119508,9000.0
225.18679009744292,0.43974564312851583,99.02490983544614,712979.3508152122,9000.0
231.23579954541557,0.4437751351234608,102.61669818864829,738840.2269582676,8999.999999999998
225.30694345015553,0.4869606396433601,109.7156132985781,789952.4157497623,8999.999999999998
231.40674753372238,0.4084449825540067,94.51692495929066,680521.8597068927,9000.0
231.89648552156615,0.40603362994895364,94.15777178872648,677935.9568788307,9000.0
232.5159299600871,0.41545757004183814,96.60050325723603,695523.6234520994,9000.0
235.15579950118274,0.4133152912884717,97.1934877690048,699793.1119368346,9000.000000000002
234.4694649153988,0.3727179194472879,87.3909711371863,629214.9921877413,9000.0
232.71355530773673,0.4219810865149656,98.20071891551927,707045.1761917388,8999.999999999998
220.12277268897196,0.47768395336429526,105.14911628357825,757073.6372417634,9000.0
231.4121089551308,0.42399497162177346,98.11757056936544,706446.5080994312,9000.0
231.9611294311511,0.3595103176612159,83.39241932684754,600425.4191533023,8999.999999999998
223.8975424897773,0.36919944577868596,82.66284859843557,595172.5099087361,9000.0
237.67176248690623,0.3770183405551613,89.60661348963383,645167.6171253636,9000.0
224.2542090240976,0.4579603268018202,102.69953085135944,739436.6221297879,9000.0
235.98205795908189,0.40396859864553264,95.32934125921918,686371.257066378,9000.0
221.7549804752327,0.41397760245384774,91.80159514933665,660971.4850752238,8999.999999999998
230.54743725912587,0.4314628386395084,99.47265172088642,716203.0923903822,9000.0
238.53204329041893,0.4951275621815281,118.10378909656384,850347.2814952597,9000.0
231.4291572334172,0.38484486872764556,89.06432363524408,641263.1301737573,9000.0
226.1362161947709,0.43572024633005085,98.53212782453122,709431.3203366247,9000.0
235.24085081164856,0.4985363337558753,117.2761113132521,844388.0014554152,9000.0
230.06516113876847,0.3917267517025365,90.12267825281042,648883.283420235,9000.0
234.2461130428482,0.3903470208276279,91.43727236672756,658348.3610404384,9000.0
225.43805376301646,0.4986934961807074,112.42449120325296,809456.3366634212,8999.999999999998
233.81057253929882,0.41243254193360696,96.43108876333501,694303.8390960121,9000.0
223.51774714166046,0.4300389899825104,96.12134622396582,692073.6928125538,9000.0
237.1912113134255,0.4212525979222798,99.91741397011293,719405.3805848131,8999.999999999998
236.24417166591596,0.49416465790631625,116.74352027364841,840553.3459702686,9000.0
233.13210993482525,0.48952434809339185,114.12384413548229,821691.6777754725,9000.0
228.57530286166164,0.496525239002925,113.49340688355251,817152.5295615781,8999.999999999998
228.04255871121543,0.4517887981135543,103.02707351887967,741794.9293359336,9000.0
239.39844714272644,0.46304759381947636,110.85287491355857,798140.6993776216,8999.999999999998
226.26765568358988,0.45316561053941057,102.53672033317514,738264.386398861,8999.999999999998
237.38020810561653,0.43948561011622556,104.32518558881347,751141.336239457,9000.0
233.4515379969273,0.42309734612582006,98.77272617549099,711163.6284635351,9000.0
233.18610449519207,0.46138411155898307,107.58836365041438,774636.2182829835,8999.999999999998
223.2632394066094,0.4665607994535847,104.16587546614475,749994.3033562422,9000.0
235.92890983299753,0.4362693910469317,102.92856182320828,741085.6451270996,8999.999999999998
227.6862935450109,0.490335656121152,111.64270813518613,803827.4985733401,9000.0
238.65254317335297,0.38261343765018974,91.3116699475169,657444.0236221217,8999.999999999998
220.95479493027545,0.4580648570471997,101.21162655362994,728723.7111861355,8999.999999999998
222.32402713721046,0.4236317803062848,94.18352342099924,678121.3686311945,9000.0
238.18962280754226,0.41920933989282727,99.8513145464713,718929.4647345934,9000.0
223.25726137854215,0.41053147448379795,91.65413270294759,659909.7554612226,8999.999999999998
224.20318242844533,0.48865876989510065,109.55885133205093,788823.7295907667,8999.999999999998
229.0405439423694,0.4294257368120648,98.35590434228808,708162.5112644742,9000.0
236.1434626598069,0.41849806074540674,98.82558118083455,711544.1845020087,9000.0
232.45682084790005,0.3559045576688387,82.73244200097635,595673.5824070297,9000.0
238.90945579389182,0.3745293424933551,89.4786013939316,644245.9300363075,9000.000000000002
235.82125437993184,0.44178303402840424,104.1818292483504,750109.1705881229,9000.0
221.84741054515266,0.4011270550271209,88.98899845736973,640720.788893062,8999.999999999998
223.8181284926247,0.43818799593047425,98.0744171770926,706135.8036750667,8999.999999999998
238.6895540117947,0.42869685588519546,102.32546133749594,736743.3216299708,9000.0
224.1916187115821,0.3702687248126581,83.01114477402317,597680.2423729668,9000.0
232.87044202562203,0.3716056505843286,86.53597211079145,623058.9991976984,9000.0
220.56734083870296,0.40895973996056023,90.20316235318822,649462.7689429552,9000.0
234.02752256647048,0.47555647870207074,111.2933045510801,801311.7927677768,9000.0
223.3597853898996,0.3770849500304723,84.2256135125673,606424.4172904846,8999.999999999998
237.24412160292752,0.4622215688667326,109.65935009171504,789547.3206603483,8999.999999999998
234.9784999078708,0.4570501218287363,107.39695201002604,773258.0544721875,8999.999999999998
232.23563756873958,0.41494812140379406,96.36574153216087,693833.3390315583,9000.0
233.39406615795954,0.4036915225696569,94.21920592602991,678378.2826674153,8999.999999999998
221.96358780922958,0.4368965650281522,96.97512907517705,698220.9293412748,9000.0
223.49040670105833,0.4166716052528364,93.12210651873924,670479.1669349226,8999.999999999998
239.50998516878934,0.3662058440570483,87.70995627882762,631511.6852075589,8999.999999999998
221.68204133185583,0.43067969952888674,95.47395495175392,687412.4756526282,9000.0
233.98947158373764,0.38754084311905634,90.68047709854416,652899.435109518,9000.0
220.85971055016532,0.48286908232799386,106.64632575658467,767853.5454474096,9000.0
228.96178474335105,0.41688166282265127,95.44996954665012,687239.7807358808,8999.999999999998
226.8097066767136,0.35223611869812765,79.8905707628664,575212.1094926381,9000.0
223.94274078076108,0.49244404574114997,110.27926928443961,794010.7388479651,9000.0
232.82050688435993,0.36213067590800474,84.31144752327754,607042.4221675983,9000.0
234.97378774702574,0.35756131932687185,84.01753755405888,604926.2703892239,9000.0
239.9138271155977,0.4055192442942284,97.28967386765335,700485.6518471041,9000.0
231.49030616658155,0.4987976003414492,115.46680921819826,831361.0263710275,9000.0
238.29834418459149,0.3752372141255229,89.41840680255112,643812.528978368,9000.0
226.60576859158505,0.3718449492332832,84.26221051790706,606687.9157289308,9000.0
235.64695331736465,0.4379836329196799,103.20950870039358,743108.4626428338,9000.0
221.94356982585623,0.4591610565384324,101.90784401315149,733736.4768946908,8999.999999999998
230.4918538599039,0.37905708214335687,87.3695695819482,629060.900990027,8999.999999999998
233.39837232257895,0.35870300205565697,83.72069682701303,602789.0171544938,9000.0
224.43641012925,0.38892901734762547,87.28983244859785,628486.7936299045,9000.0
226.55880470478752,0.48807394858569686,110.5774503991214,796157.642873674,9000.0
222.58549307131946,0.45702422256466924,101.72696192509335,732434.1258606721,9000.0
231.3847324670077,0.373332027325069,86.38333126397669,621959.9851006322,9000.0
227.03019200595196,0.352037703338495,79.92318738227287,575446.9491523646,8999.999999999998
233.0558586771696,0.4546320536399111,105.95466364321452,762873.5782311445,9000.0
227.05884193552404,0.4723106663526125,107.24231293581987,772144.6531379031,8999.999999999998
236.44139825952843,0.39486394415341686,93.36218307790622,672207.7181609249,9000.0
234.40464551143202,0.36112009575601756,84.64822803274369,609467.2418357546,9000.0
220.45029137303726,0.4662235365129333,102.77911446924402,740009.624178557,9000.0
221.9035212074626,0.41974537922215394,93.14297765995767,670629.4391516952,9000.0
226.47662504510456,0.4123386504888172,93.38506593836027,672372.4747561939,8999.999999999998
235.8124240861948,0.45248811311725656,106.70231882436859,768256.6955354539,9000.0
222.5938583323461,0.43922514944702373,97.76882069201434,703935.5089825033,9000.0
228.596027871344,0.45162171162244336,103.23892937734814,743320.2915169066,8999.999999999998
228.2929386727141,0.4826352899573213,110.18222865151434,793312.0462909032,9000.0
223.67636316648216,0.3651993721514917,81.68646739352832,588142.5652334039,9000.0
220.01685238176756,0.3985256743267463,87.68236445869212,631313.0241025833,9000.0
226.2272126472842,0.37967247709421686,85.89224621191454,618424.1727257847,8999.999999999998
228.68311622012868,0.3697273327401694,84.55039860277834,608762.8699400041,9000.0
221.58997968745217,0.4439954131228474,98.38493457521369,708371.5289415385,8999.999999999998
227.53384243378534,0.4405855821819201,100.24813043477859,721786.5391304059,9000.0
233.74441316054072,0.44130553489057955,103.15270327749704,742699.4635979787,8999.999999999998
231.7167972402853,0.3946571345647252,91.44868722936641,658430.5480514382,8999.999999999998
236.65317006672916,0.4756215705881751,112.55735243180823,810412.9375090193,9000.0
224.88253038645922,0.4575426725034098,102.89335395234981,740832.1484569187,9000.0
237.60166894663666,0.36471726906815616,86.65743182425345,623933.5091346249,9000.0
227.07958622040857,0.4060380717754115,92.202957328493,663861.2927651496,8999.999999999998
228.4520836282396,0.4065620776059952,92.87995375331566,668735.6670238727,9000.0
225.97568679219825,0.38975591992460823,88.07536168628837,634142.6041412763,9000.0
225.5959741608704,0.36481094946386533,82.29988152885277,592559.1470077399,8999.999999999998
224.34170815511837,0.48041323930184476,107.7767267253095,775992.4324222284,9000.0
234.40467811914053,0.45804189190382527,107.36716223679832,773043.5681049479,9000.0
236.83224049600022,0.44172084778437737,104.61373805456677,753218.9139928807,9000.0
237.70959526584548,0.48717888188525915,115.8070948350121,833811.082812087,9000.0
233.9003078139163,0.431315993151124,100.88494356311293,726371.5936544131,9000.000000000002
227.98291682265577,0.4845954170087558,110.47947664854736,795452.231869541,8999.999999999998
231.29306317780058,0.41447357333845986,95.86486238370115,690227.0091626482,8999.999999999996
233.5267745958639,0.3816752991520922,89.13140155389956,641746.0911880769,9000.0
229.5068765899649,0.4381775818665421,100.56476820593372,724066.3310827228,9000.0
231.7598263810762,0.3741299575908871,86.70829401522339,624299.7169096083,8999.999999999998
224.38449585486921,0.4931842109635758,110.66289054064342,796772.8118926326,9000.0
236.10433013053776,0.46240468704656307,109.17574888434973,786065.391967318,8999.999999999998
226.0858490742046,0.4615538091093464,104.35078482591993,751325.6507466235,9000.0
222.41816947362727,0.4374168546986429,97.28945611898375,700484.084056683,9000.0
225.15588785831068,0.44658013064861524,100.55014581606935,723961.0498756993,9000.0
233.3006442843489,0.4078837960027363,95.1595524005843,685148.7772842069,8999.999999999998
236.5875616739215,0.3622765779689325,85.71013223324205,617112.9520793428,9000.000000000002
221.8336944057219,0.37374454900086074,82.90913406886129,596945.7652958013,9000.0
224.0853301661578,0.4915137120002805,110.14101243477666,793015.2895303919,9000.0
237.1768684375059,0.3651982274093615,86.61657193588049,623639.3179383395,9000.0
234.3355752012175,0.46210522794603887,108.28769439422474,779671.3996384181,9000.0
220.47874231715764,0.46016071472707093,101.45565564678895,730480.7206568805,9000.0
238.383703754196,0.4321161236417339,103.00944200562263,741667.9824404829,9000.0
232.80524043243182,0.47755040232313894,111.17623623144291,800468.9008663889,8999.999999999998
228.47123001847498,0.3813265494643174,87.12214579481343,627279.4497226567,9000.0
236.57698808488564,0.4775105085603073,112.9679978940795,813369.5848373724,9000.0
229.7882152468539,0.3985521661586354,91.58259094436039,659394.6547993948,8999.999999999998
226.80845690748984,0.3902461271248877,88.51112190731989,637280.0777327032,8999.999999999998
235.49042225816018,0.44558190525629643,104.93027101940076,755497.9513396855,8999.999999999998
226.02251965763458,0.49452512110642877,111.77381390647191,804771.4601265978,9000.0
233.87302487490868,0.4304410087928721,100.66854075659617,724813.4934474925,9000.0
222.60430208720607,0.40827108044748367,90.88289892540166,654356.872262892,9000.0
235.44436168448743,0.49314715919822083,116.10871811394341,835982.7704203925,9000.0
226.261468959281,0.3542998104774008,80.16439557061156,577183.6481084032,8999.999999999998
223.05731619270256,0.4313154306036098,96.20806238294104,692698.0491571755,9000.0
220.4817725386293,0.4880947455375627,107.61599466291304,774835.1615729738,8999.999999999998
232.95812392095488,0.4468384222769848,104.09464054944578,749481.4119560097,9000.0
223.1865288155115,0.419905850650383,93.71732923598357,674764.7704990817,8999.999999999998
231.66935617616792,0.3734719567456356,86.52200776911504,622958.4559376283,9000.0
237.78497890904353,0.36964144316012465,87.89518276573865,632845.3159133183,9000.0
231.00672468409746,0.47916082894117573,110.6893736906181,796963.4905724503,9000.0
239.65816164514848,0.48503067331225536,116.2415595075237,836939.2284541706,9000.0
224.024867289238,0.3937944744581103,88.21975487971338,635182.2351339363,8999.999999999998
229.3762061665447,0.35546224566977314,81.53458134717285,587048.9856996445,9000.0
233.8867210661977,0.3564531028141349,83.36964743107026,600261.4615037059,9000.0
235.85913790276612,0.40427598536296483,95.35218538250018,686535.7347540013,8999.999999999998
238.95026612329258,0.4057786408382379,96.9609142154449,698118.5823512033,9000.0
235.54965940518412,0.3655927774725468,86.11525421465367,620029.8303455064,9000.0
229.37289579336786,0.43920278231746923,100.7412140206621,725336.7409487672,9000.0
239.0420225912602,0.359955384981574,86.04446326861117,619520.1355340004,8999.999999999996
235.73244158107732,0.40683395857477533,95.90396237292666,690508.5290850719,9000.0
226.8063461819753,0.48293698056072654,109.53317199713402,788638.8383793649,9000.0
226.995679555327,0.44870092813773643,101.85317209973142,733342.8391180662,9000.0
233.31279290588265,0.4892896806133311,114.15754192392359,821934.3018522499,9000.0
228.97103045959082,0.4852084838741579,111.09868654040169,799910.5430908921,8999.999999999998
227.63217193116174,0.36638793762319094,83.40168201054597,600492.110475931,9000.0
231.32637935970678,0.4579760014482671,105.94193024866345,762781.8977903769,9000.0
235.93626018145062,0.4466420464014881,105.37905406775704,758729.1892878506,9000.0
229.42670975384206,0.464370738848253,106.53905071991532,767081.1651833904,9000.0
225.55502623267566,0.40582807448492264,91.53656198640297,659063.2463021014,8999.999999999998
225.6843290733635,0.4850994594498771,109.47934603979681,788251.291486537,8999.999999999998
236.9539320454993,0.37184356076748576,88.10979382965532,634390.5155735182,9000.0
234.93369729185588,0.4851874721834659,113.98688671975113,820705.5843822081,9000.0
223.35617123966207,0.41458541033739876,92.6002099047856,666721.5113144564,9000.0
237.38106575718376,0.4955943936691011,117.6447253524565,847042.0225376869,9000.0
230.42124871272307,0.41500343774718074,95.62561034577821,688504.3944896031,9000.0
233.49881260990136,0.4992939820783451,116.58455195856294,839408.7741016531,8999.999999999998
228.4081022372875,0.4999573533745315,114.19431028385367,822199.0340437464,8999.999999999998
226.27561429269997,0.38589770232579734,87.31923964791127,628698.5254649612,9000.0
229.8059690184516,0.4203987228772687,96.61013588493023,695592.9783714977,9000.0
225.34603877934958,0.45859250569000176,103.34200457113823,744062.4329121953,9000.0
221.71390624296066,0.4132686835558051,91.62741415904355,659717.3819451135,9000.0
235.20599716432065,0.39692656712569313,93.3595090218093,672188.464957027,9000.0
220.32484565023702,0.4731221475825386,104.24056413983148,750532.0618067867,8999.999999999998
222.4634357284642,0.35758469971449286,79.54952086241725,572756.5502094042,9000.0
232.09227623005285,0.4573516607673145,106.14778798508098,764264.0734925831,9000.0
237.81228270454733,0.35698379112610173,84.89513025622158,611244.9378447954,9000.000000000002
236.45023783349632,0.4014888583870181,94.93213605310935,683511.3795823873,9000.0
232.2179804936534,0.4294725359875152,99.73124498450868,718064.9638884625,9000.0
233.3302470891958,0.42530264974765297,99.23597235330956,714499.0009438288,8999.999999999998
229.07166345419282,0.41192047513101643,94.3593084491034,679387.0208335444,8999.999999999998
224.1415202976902,0.4101300787654577,91.92717937430112,661875.691494968,9000.0
235.17537288128227,0.45548365707996885,107.11853889511178,771253.4800448049,9000.0
221.45360681905618,0.3615733652254965,80.0717258588901,576516.4261840087,8999.999999999998
235.05833100068813,0.3859135528990278,90.71219565499125,653127.808715937,9000.0
237.4274024808683,0.43146033891124924,102.44050754121301,737571.6542967337,9000.0
230.70390237423484,0.47143694339400777,108.76234256437884,783088.8664635277,9000.0
237.152461483706,0.48144256249786,114.17528875939045,822062.0790676113,8999.999999999998
220.76384814173943,0.486828039292877,107.47403133759346,773813.0256306729,9000.0
220.41498467375152,0.43759229475479033,96.45189894172887,694453.6723804479,9000.0
236.51703141768593,0.394438206855395,93.29135376315315,671697.7470947027,9000.0
232.971178177923,0.4860954580063424,113.2462315586747,815372.8672224578,9000.0
228.27172520024692,0.3562643406617105,81.32507567017713,585540.5448252753,9000.0
226.34625832084544,0.3661871579589912,82.88509304916205,596772.6699539667,9000.0
225.97281476703793,0.3973215867284142,89.78387732072554,646443.9167092239,8999.999999999998
233.47752361952303,0.4210117658539567,98.29678450626427,707736.8484451028,9000.0
223.23695716975695,0.4777428391204239,106.64985771488416,767878.975547166,9000.0
230.16488936738656,0.4322473703887375,99.48816818486753,716314.8109310463,9000.0
229.4996502531215,0.39164749766082024,89.88296373566847,647157.338896813,8999.999999999998
239.61418706723543,0.36082745996003635,86.45937848985955,622507.5251269888,9000.0
231.97620869254735,0.3993738784296296,92.64523816894379,667045.7148163953,9000.0
237.06069465630878,0.4015742737672215,95.19747629536025,685421.8293265938,9000.0
222.48032715722593,0.4744088542085498,105.54663709060286,759935.7870523406,9000.0
227.71095617589566,0.3969087749394407,90.38047665606342,650739.4319236566,9000.0
231.46721890502295,0.4451374840791121,103.034735470171,741850.0953852312,9000.0
237.79082084838416,0.4668648459699253,111.01617494844297,799316.4596287893,8999.999999999998
231.34114242163207,0.4032319804893146,93.2841470273353,671645.8585968141,9000.0
234.57775837340156,0.3524127869930682,82.66820159495698,595211.0514836903,8999.999999999998
239.45738438779432,0.3579493208157364,85.7136081059237,617137.9783626506,9000.0
225.90959422463794,0.4076023392702418,92.08127906955353,662985.2093007854,8999.999999999998
234.4281361366346,0.47161357587475405,110.5594915690519,796028.3392971737,9000.0
233.9231671186421,0.47106524490031143,110.19307400659963,793390.1328475174,9000.000000000002
235.97207444061917,0.40929974768024036,96.58331052812832,695399.8358025239,8999.999999999998
239.69144919545465,0.468058326645492,112.18957862165747,807764.9660759338,8999.999999999998
233.5701674890306,0.43752746747427773,102.19336385901845,735792.2197849328,8999.999999999998
231.57438387909303,0.4341093534735164,100.52860606678098,723805.9636808231,9000.0
233.0883446002066,0.45251210239588174,105.47529685901526,759422.1373849099,9000.0
226.25489481178616,0.4308067365425918,97.47213286065298,701799.3565967014,9000.0
220.99129201376408,0.45144034609128464,99.76438534985381,718303.5745189474,8999.999999999998
222.50923209036233,0.40126448585300695,89.28505261228663,642852.3788084638,9000.000000000002
229.93931708721942,0.4888940256526738,112.41595838659735,809394.900383501,9000.0
237.5069065434182,0.4887063133878658,116.0711247009903,835712.0978471301,9000.0
221.33864795605368,0.4355243886992246,96.39837934657315,694068.3312953267,8999.999999999998
225.78278948368924,0.4266358328819036,96.32702844177327,693554.6047807675,8999.999999999998
237.05346086072905,0.4205531633841402,99.69358285613808,717793.7965641941,9000.0
228.0093598987885,0.40516448966026414,92.38129594115614,665145.3307763241,8999.999999999998
229.23243864163618,0.43521603445529145,99.76563291412882,718312.5569817275,9000.0
224.00334311062832,0.41464701618911426,92.88231783720842,668752.6884279007,9000.0
224.47207024860091,0.373817719814086,83.91163746227933,604163.7897284111,8999.999999999998
227.4323120266406,0.395347453776292,89.91478546618751,647386.45535655,8999.999999999998
237.43672223545803,0.4534901635203131,107.67521799228503,775261.5695444522,9000.0
239.92897794197597,0.4863975913024712,116.70087695464085,840246.3140734141,8999.999999999998
225.55486696927525,0.4524172958811198,102.04492298706522,734723.4455068696,9000.0
227.33266112510557,0.45728448118348114,103.95569799865403,748481.0255903091,9000.0
228.2525939201614,0.4758811833185974,108.6211144902657,782072.024329913,9000.0
223.0837411327173,0.42122167389397447,93.96770685845327,676567.4893808635,9000.0
233.30182472092005,0.4296305407414984,100.23358911082717,721681.8415979556,9000.0
224.300405840117,0.3867341035587408,86.74461638043941,624561.2379391638,9000.0
231.3773159936332,0.47604509629961084,110.1460366737346,793051.4640508891,9000.0
227.6111032053356,0.3714292546789037,84.54142242020083,608698.241425446,9000.0
235.1535689083197,0.36085341206496224,84.85596769982038,610962.9674387068,9000.0
237.6256108076961,0.38099288797738107,90.53366771901331,651842.4075768958,9000.0
228.7173905973319,0.4500677638418187,102.93832453787698,741155.9366727143,9000.000000000002
230.4467999902471,0.4778081909526395,110.1093686141647,792787.4540219858,9000.0
230.05910124413444,0.39820616662456165,91.6109528035187,659598.8601853347,9000.0
224.73380087336935,0.41027760284112447,92.20324509970058,663863.3647178442,9000.0
235.34730617983305,0.3771941917505114,88.77163693516226,639155.7859331683,8999.999999999998
227.1960566227606,0.37507764887214184,85.21616275108705,613556.3718078268,8999.999999999998
232.8337959369374,0.3641181489426029,84.7790107878374,610408.8776724292,9000.0
227.24892411536842,0.4801949088498389,109.1237764018033,785691.1900929838,9000.0
234.9524324630581,0.397219759927563,93.32774881737289,671959.7914850848,8999.999999999998
232.4739890928488,0.39134665472211905,90.97791794139276,655041.0091780279,8999.999999999998
239.11443546341047,0.4755034399553391,113.69973660583061,818638.1035619804,9000.0
221.22208187930136,0.3944485230587621,87.26072346527496,628277.2089499797,9000.0
236.63820310987907,0.3647985129557389,86.325264603002,621541.9051416144,9000.0
226.6189103694794,0.3936811302227185,89.21558876409759,642352.2391015027,9000.0
231.58712957422026,0.39033705139846986,90.39703729983651,650858.668558823,9000.0
224.44669152161524,0.4839458988830483,108.62005587975433,782064.4023342312,9000.0
235.03641548281342,0.49487985872134577,116.31478808850623,837466.4742372449,9000.0
231.998336911043,0.4249149467008715,98.57956096324666,709772.838935376,9000.0
222.25406603819204,0.4190644630094103,93.13878083595296,670599.2220188613,9000.0
220.92081092771033,0.37024577368115563,81.79499656419841,588923.9752622286,9000.0
223.10351752267843,0.38359228236336845,85.58078748981998,616181.6699267039,8999.999999999998
221.7007528129407,0.36549164076697443,81.02977190487512,583414.3577151009,8999.999999999998
232.4556257713877,0.4348456378369026,101.08231485733542,727792.6669728151,9000.0
230.89683473190186,0.3810233451823168,87.9770843615578,633435.0074032162,9000.0
222.67097935930846,0.45025642737718186,100.25903964690043,721865.0854576831,8999.999999999998
221.9644088141037,0.49708587558176853,110.33537250334837,794414.6820241082,9000.0
234.57435203824724,0.4434827451063946,104.02967757347568,749013.6785290249,8999.999999999998
220.43970064386016,0.47584936869702776,104.89609238714264,755251.865187427,9000.0
237.72422728098357,0.4323239135155865,102.77386827558358,739971.8515842018,9000.0
230.78154277081782,0.4371784424971518,100.89271542563596,726427.5510645789,9000.0
234.4510953683851,0.4430542737806576,103.87455979551956,747896.8305277409,9000.0
235.4851183172466,0.4202490036366846,98.96238634408967,712529.1816774455,9000.0
233.12240847994602,0.387296355036682,90.28745908165558,650069.7053879203,9000.0
238.6735381221671,0.4644042404845557,110.84100319538666,798055.223006784,9000.000000000002
231.71990533921672,0.4512203650151196,104.55674026843033,752808.5299326984,9000.0
229.20153353487973,0.42403339986979205,97.18910552016521,699761.5597451895,8999.999999999998
222.79586249574209,0.4261705962016102,94.94904555106237,683633.127967649,9000.0
234.0798126465388,0.48871091705911684,114.39735990351625,823660.991305317,9000.0
237.85586695623823,0.44443829936331386,105.71225700361715,761128.2504260435,8999.999999999998
220.04073396150116,0.44138112612262387,97.12182694877608,699277.1540311878,9000.0
238.13131056434787,0.45147931746688946,107.51136156108767,774081.8032398312,9000.000000000002
231.22259196840787,0.4846422475246611,112.06023665004685,806833.7038803373,9000.0
229.07051480842043,0.4507703130613755,103.25818767332213,743458.9512479194,9000.000000000002
236.86727556380347,0.499960312893626,118.42423720513992,852654.5078770074,9000.0
227.94420861334848,0.4180474097256086,95.2914859727641,686098.6990039014,8999.999999999998
227.24009336331207,0.3707058538158141,84.23923283143192,606522.4763863098,9000.000000000002
238.83370784881146,0.3565979608134004,85.16761319238958,613206.814985205,8999.999999999998
238.255063290498,0.37173300742985793,88.56727121236796,637684.3527290493,8999.999999999998
229.8857334345992,0.455490969840341,104.71087567458369,753918.3048570026,9000.0
227.9591348897622,0.43081945838518765,98.20923102716328,707106.4633955756,9000.0
230.8985683807766,0.37114551788355,85.69696874025361,617018.1749298259,9000.0
238.45102087443655,0.4623743307276026,110.2536311881312,793826.1445545446,9000.0
235.18901088770997,0.49731226217147617,116.96237904243898,842129.1291055607,9000.0
238.82570675180767,0.4349007596393773,103.86548128777231,747831.4652719606,8999.999999999998
238.97720173020315,0.36282823579522516,86.70767649904924,624295.2707931545,9000.0
237.78153203624925,0.3940887570102061,93.70702840014798,674690.6044810654,9000.0
226.00638749003085,0.4090249820752339,92.44225859199824,665584.2618623873,9000.0
238.6150963168915,0.48380166071684916,115.44237987022304,831185.1350656059,9000.0
237.96975314879785,0.4786545377363966,113.90530218868224,820118.1757585121,8999.999999999998
233.15414186320425,0.49971643818161215,116.51095731917073,838878.8926980293,9000.0
231.88199089456123,0.45023752128955113,104.40197281205351,751694.2042467853,9000.0
220.9246865815238,0.4011623124268708,88.62665814122575,638111.9386168254,9000.0
227.68572044925477,0.4257108524189428,96.92828213607336,697883.6313797282,9000.0
228.5299249847432,0.4832761431586219,110.44306074295586,795190.0373492822,8999.999999999998
222.96475018137417,0.4708476291293191,104.98242400231095,755873.4528166389,9000.0
237.47255264865487,0.45722682595808983,108.57882149970985,781767.5147979109,9000.0
224.84775410354905,0.38227943899515204,85.95467329802463,618873.6477457774,9000.0
225.92779778094663,0.4660369262492615,105.29069643209709,758093.0143110991,8999.999999999998
228.38366412590486,0.46533873110133445,106.27576446862193,765185.5041740779,9000.0
233.47650421517554,0.38705046067192134,90.36718851255348,650643.7572903851,8999.999999999998
223.57992553477112,0.48691566426042365,108.86456795705914,783824.8892908258,9000.0
228.87166420852657,0.4947888606012866,113.24314995765712,815350.6796951313,9000.0
221.16831653365483,0.3984880033659638,88.13292086330759,634557.0302158146,8999.999999999998
225.34714651079042,0.4495542058952253,101.30575750041338,729401.4540029763,9000.0
229.10757541043895,0.4443020134828523,101.79295705903245,732909.2908250336,8999.999999999998
238.2874939345669,0.3633975066119055,86.59308115262117,623470.1842988724,8999.999999999998
229.89478791531505,0.3702119074092676,85.10978793757783,612790.4731505604,8999.999999999998
232.65451030956268,0.36670528774574307,85.31563914841313,614272.6018685745,8999.999999999998
238.5744829465812,0.351744113307425,83.9171699618226,604203.6237251227,8999.999999999998
229.76708241205398,0.3567521340135587,81.96989697656947,590183.2582313002,8999.999999999998
235.9582608342395,0.3737115515222326,88.18032775085129,634898.3598061292,8999.999999999998
225.26409117063247,0.4673767490286761,105.2831986042295,758039.0299504524,9000.0
235.1564691853777,0.4975250558172477,116.99623545724192,842372.8952921418,9000.0
220.61053919382468,0.4242250915351623,93.58852618312179,673837.3885184769,9000.0
237.3010753797003,0.4581497134167014,108.71941967868476,782779.8216865303,9000.0
230.7119427837555,0.482208461826673,111.25125105479812,801009.0075945464,9000.0
226.72159515945603,0.36939636636485595,83.75013342834697,603000.9606840982,8999.999999999998
227.65226699746148,0.39526031453836596,89.98190665878869,647869.7279432785,8999.999999999996
239.83737293917915,0.358235156527313,85.91817883596639,618610.887618958,8999.999999999998
237.26739751273158,0.4573956833646298,108.52508342548313,781380.6006634786,9000.0
228.88614288491044,0.3854157137586547,88.21631612945318,635157.4761320628,9000.0
227.7106724501663,0.3994374589161363,90.95617237157907,654884.4410753694,9000.0
238.60608434560086,0.35686552542792194,85.15028566029191,613082.0567541018,8999.999999999998
231.26014467868058,0.4813413954017038,111.31508074043602,801468.5813311393,9000.0
232.6771726820968,0.4831040416019807,112.40728251124294,809332.4340809492,9000.0
231.29869312339935,0.4926642191806164,113.95259004513655,820458.6483249831,9000.0
227.59584335473488,0.381152078050112,86.74862865022497,624590.1262816198,9000.0
237.6871046226069,0.4278853527541641,101.70283060656007,732260.3803672325,9000.0
226.34552647688068,0.4450045361398894,100.72478601718333,725218.45932372,8999.999999999998
220.7331485967952,0.35262932880356285,77.83698203438499,560426.2706475719,9000.0
230.7418454060537,0.4316517291949801,99.60011656716387,717120.8392835798,9000.0
238.12477755990474,0.4779965601728976,113.82282456557087,819524.3368721103,9000.0
